<?xml version="1.0" encoding="UTF-8"?>
<entity-mappings
	xmlns="http://java.sun.com/xml/ns/persistence/orm"
	xmlns:xsi="http://www.w3.org/2001/XMLSchema-instance"
	xsi:schemaLocation="http://java.sun.com/xml/ns/persistence/orm http://java.sun.com/xml/ns/persistence/orm_2_0.xsd"
	version="2.0">

	<package>uo.ri.cws.domain</package>
	<access>FIELD</access>

	<mapped-superclass
		class="uo.ri.cws.domain.BaseEntity">
		<attributes>
			<id name="id" />
			<version name="version" />
		</attributes>
	</mapped-superclass>

	<entity class="uo.ri.cws.domain.client.Client">
		<table name="TClients" />
		<attributes>
			<basic name="dni" optional="false">
				<column unique="true" />
			</basic>

			<one-to-many name="paymentMeans" mapped-by="client" />
			<one-to-many name="vehicles" mapped-by="client" />
		</attributes>
	</entity>

	<entity class="uo.ri.cws.domain.Vehicle">
		<table name="TVehicles" />
		<attributes>
			<basic name="plate" optional="false">
				<column unique="true" />
			</basic>

			<many-to-one name="client" />
			<many-to-one name="vehicleType" />
			<one-to-many name="workOrders" mapped-by="vehicle" />
		</attributes>
	</entity>

	<embeddable class="uo.ri.cws.domain.client.Address">
		<attributes>
			<basic name="street" optional="false" />
			<basic name="city" optional="false" />
			<basic name="zipCode" optional="false" />
		</attributes>
	</embeddable>

</entity-mappings>